sep=,
DeviceTag:,Xsens DOT 3,,,,,,,,,,,,,,,,,
FirmwareVersion:,3.0.0,,,,,,,,,,,,,,,,,
AppVersion:,2023.6.1,,,,,,,,,,,,,,,,,
SyncStatus:,Un-synced,,,,,,,,,,,,,,,,,
OutputRate:,60Hz,,,,,,,,,,,,,,,,,
FilterProfile:,General,,,,,,,,,,,,,,,,,
Measurement Mode:,Sensor fusion Mode - Extended (Quaternion),,,,,,,,,,,,,,,,,
StartTime:,2024-03-15 15:49:47.562 +0530,,,,,,,,,,,,,,,,,
 2024,,,,,,,,,,,,,,,,,,,

PacketCounter,SampleTimeFine,Quat_W,Quat_X,Quat_Y,Quat_Z,FreeAcc_X,FreeAcc_Y,FreeAcc_Z,Status
1, 759263933, 0.11422642, 0.7650052, -0.10653014, 0.6247965, 0.03268937, 0.0091877235, -0.06950188, 0
2, 759280600, 0.11424382, 0.76498073, -0.10684684, 0.62476957, 0.0481903, -0.0051659434, -0.06283474, 0
3, 759297267, 0.11360095, 0.7648634, -0.10624104, 0.6251334, 0.093451776, -0.018047443, -0.046596527, 0
4, 759313934, 0.113438234, 0.7644188, -0.10611129, 0.62572855, 0.104908854, -0.037339013, -0.044585228, 0
5, 759330601, 0.113299236, 0.76394844, -0.1058606, 0.6263702, 0.08944874, -0.052291248, -0.04065609, 0
6, 759347268, 0.113153, 0.7635893, -0.1054612, 0.6269017, 0.027799578, -0.059109118, -0.05278778, 0
7, 759363935, 0.113242164, 0.7633939, -0.105277546, 0.6271545, -0.030395443, -0.05757604, -0.042347908, 0
8, 759380602, 0.11323778, 0.76337004, -0.104929544, 0.6272427, -0.030319449, -0.04063918, -0.057167053, 0
9, 759397269, 0.11320463, 0.76342136, -0.10456188, 0.62724745, -0.043708015, -0.03346805, -0.037204742, 0
10, 759413936, 0.11319121, 0.7635001, -0.104307644, 0.62719655, -0.049860712, -0.032674074, -0.04167652, 0
11, 759430603, 0.1131182, 0.76360875, -0.1040536, 0.62711936, -0.034696314, -0.018361812, -0.06337738, 0
12, 759447270, 0.11300287, 0.76374197, -0.1038198, 0.6270167, -0.037046168, 0.023754062, -0.04827118, 0
13, 759463937, 0.112831, 0.7638957, -0.10358829, 0.6268988, 0.021592973, 0.027786795, -0.057614326, 0
14, 759480604, 0.11284147, 0.76400936, -0.103599966, 0.62675655, 0.029116515, 0.05766204, -0.070651054, 0
15, 759497271, 0.112722576, 0.764113, -0.10353862, 0.62666166, 0.049424637, 0.04541856, -0.049544334, 0
16, 759513938, 0.11261369, 0.76419365, -0.10350799, 0.62658787, 0.055178106, 0.022894824, -0.028075218, 0
17, 759530605, 0.11254243, 0.7642573, -0.103535004, 0.6265186, 0.022757104, 0.035096955, -0.023147583, 0
18, 759547272, 0.11238529, 0.76434547, -0.103479594, 0.62644845, -0.0088709565, 0.0014548459, -0.04186344, 0
19, 759563939, 0.1123072, 0.7644318, -0.10347737, 0.62635744, -0.017063517, -0.029320989, -0.052882195, 0
20, 759580606, 0.11223031, 0.7645432, -0.10346417, 0.6262375, -0.03274577, -0.006042505, -0.07942867, 0
21, 759597273, 0.11209261, 0.7646755, -0.103406355, 0.6261102, -0.057252683, 0.0023552678, -0.08576107, 0
22, 759613940, 0.11199119, 0.7648052, -0.10342389, 0.6259668, -0.049100682, 0.018736811, -0.08601284, 0
23, 759630607, 0.111891985, 0.76493204, -0.10345973, 0.6258237, -0.01969071, 0.010767848, -0.041817665, 0
24, 759647274, 0.11179397, 0.765026, -0.10347758, 0.6257234, 0.013520907, -0.01622324, -0.017899513, 0
25, 759663941, 0.11180315, 0.7650965, -0.103578776, 0.62561893, -0.0022904282, -0.012301538, -0.058404922, 0
26, 759680608, 0.111738645, 0.7652047, -0.10356957, 0.6254995, -4.32756E-4, -0.022263957, -0.06910992, 0
27, 759697275, 0.111686386, 0.76532847, -0.103608735, 0.62535095, 0.027452014, 0.010997117, -0.042199135, 0
28, 759713942, 0.111661755, 0.7654705, -0.103691176, 0.6251679, 0.005773947, 0.04600673, -0.050078392, 0
29, 759730609, 0.111628585, 0.7656087, -0.10374288, 0.6249959, -1.7592566E-4, 0.04108263, -0.0592165, 0
30, 759747276, 0.11157412, 0.76572, -0.10379245, 0.6248611, 0.026049806, 0.028305849, -0.045392036, 0
31, 759763943, 0.11148154, 0.7658096, -0.10381353, 0.6247642, 0.057630155, 0.009267182, -0.047288895, 0
32, 759780610, 0.111357674, 0.7658949, -0.103811495, 0.6246821, 0.06546027, -0.027639333, -0.05022335, 0
33, 759797277, 0.111238144, 0.76599145, -0.10380399, 0.6245863, 0.031263415, -0.049586236, -0.03520298, 0
34, 759813944, 0.1112016, 0.7660787, -0.10385053, 0.62447804, 0.027023904, -0.034930717, -0.017956734, 0
35, 759830611, 0.11114233, 0.7661727, -0.10387332, 0.62436956, 0.0024849402, -0.0053112824, -0.028671265, 0
36, 759847278, 0.111109965, 0.76627564, -0.10391169, 0.6242424, -0.020320017, 0.005205002, -0.0479517, 0
37, 759863945, 0.11106474, 0.766363, -0.10392107, 0.6241416, -0.023702089, 0.011684308, -0.07491779, 0
38, 759880612, 0.11098891, 0.76646197, -0.10391447, 0.6240346, -0.013607636, 0.033199664, -0.0880537, 0
39, 759897279, 0.11087504, 0.7665611, -0.103896245, 0.62393636, -8.066652E-4, 0.020106442, -0.057061195, 0
40, 759913946, 0.11071278, 0.76667005, -0.10386663, 0.62383604, -0.027325017, 0.02129883, -0.033216476, 0
41, 759930613, 0.11063071, 0.7667794, -0.10389918, 0.62371093, -0.010001367, 0.010790591, -0.03360176, 0
42, 759947280, 0.11051677, 0.7669181, -0.103885934, 0.6235629, -0.007825908, -0.004039382, -0.052746773, 0
43, 759963947, 0.11041219, 0.7670457, -0.10387155, 0.6234268, -0.034561396, -1.897625E-4, -0.06993675, 0
44, 759980614, 0.1102913, 0.76719326, -0.10386604, 0.6232675, -0.040542867, 0.03337227, -0.06821251, 0
45, 759997281, 0.11015737, 0.76734257, -0.10385189, 0.62310976, -0.0056532645, -0.007888834, -0.086437225, 0
46, 760013948, 0.110066354, 0.7674799, -0.10388984, 0.62295026, 0.0029813484, -0.004221042, -0.058187485, 0
47, 760030615, 0.11003526, 0.76761115, -0.103986934, 0.6227778, 0.040623963, -0.019959763, -0.032374382, 0
48, 760047282, 0.10995687, 0.7677318, -0.104006395, 0.62263966, 0.063443474, -0.027013328, -0.03387642, 0
49, 760063949, 0.109884, 0.7678339, -0.10402979, 0.6225227, 0.0526856, -0.037701942, -0.019236565, 0
50, 760080616, 0.1097591, 0.76791936, -0.103998184, 0.62244457, 0.050686717, -0.04361291, -0.020064354, 0
51, 760097283, 0.10971572, 0.7680016, -0.10404307, 0.62234324, 0.055957202, -0.050758675, -0.049118996, 0
52, 760113950, 0.10962024, 0.76810634, -0.104033485, 0.6222324, 0.048808433, -0.039943554, -0.07153797, 0
53, 760130617, 0.109555565, 0.7681965, -0.10406979, 0.62212646, 0.06978996, -0.02781155, -0.06980133, 0
54, 760147284, 0.10939995, 0.7682639, -0.1040148, 0.62207985, 0.10109296, -0.0224502, -0.05426216, 0
55, 760163951, 0.10928586, 0.768288, -0.10399654, 0.6220732, 0.1240474, -0.03731219, -0.025191307, 0
56, 760180618, 0.10924832, 0.7682841, -0.10407055, 0.62207204, 0.07755342, -0.05627486, -0.01588726, 0
57, 760197285, 0.109219015, 0.7682584, -0.10414366, 0.6220968, 0.06436542, -0.07280912, -0.05293846, 0
58, 760213952, 0.10920701, 0.76822716, -0.1042214, 0.6221244, 0.063026115, -0.063055016, -0.07226086, 0
59, 760230619, 0.10906445, 0.76820135, -0.10412683, 0.62219715, 0.07019916, -0.087642446, -0.024559021, 0
60, 760247286, 0.10909831, 0.7680983, -0.10418773, 0.62230825, 0.083986126, -0.111097336, -0.04788494, 0
61, 760263953, 0.10909153, 0.76794153, -0.10415329, 0.6225086, 0.11599248, -0.11551513, -0.053337097, 0
62, 760280620, 0.10916277, 0.7677008, -0.104147986, 0.6227939, 0.12979877, -0.11817722, -0.043032646, 0
63, 760297287, 0.109264225, 0.7674252, -0.10410007, 0.6231239, 0.1641574, -0.075141534, -0.050391197, 0
64, 760313954, 0.10935885, 0.7671313, -0.10402006, 0.6234823, 0.14037427, -0.01742982, -0.013705254, 0
65, 760330621, 0.10939314, 0.7668392, -0.10389602, 0.6238562, 0.09933778, 0.06094807, 0.007173538, 0
66, 760347288, 0.109290175, 0.7666203, -0.10369563, 0.6241768, -0.006288844, 0.063880615, -0.028569221, 0
67, 760363955, 0.10917153, 0.7664651, -0.10352294, 0.6244165, -0.06440752, 0.036316607, -0.066628456, 0
68, 760380622, 0.109025836, 0.7663658, -0.103294425, 0.62460154, -0.1286503, 0.022536587, -0.07104492, 0
69, 760397289, 0.10898262, 0.7662771, -0.10313122, 0.624745, -0.12894595, 0.01936315, -0.09629154, 0
70, 760413956, 0.10896055, 0.76619154, -0.102956325, 0.6248826, -0.08907514, 0.038960543, -0.1087513, 0
71, 760430623, 0.10899787, 0.7660867, -0.10283063, 0.6250253, -0.096934564, 0.05850401, -0.074593544, 0
72, 760447290, 0.109012336, 0.76597613, -0.10259707, 0.62519664, -0.0768032, 0.07635745, -0.06285286, 0
73, 760463957, 0.109055795, 0.76584536, -0.10236792, 0.625387, -0.088956274, 0.13332431, -0.071103096, 0
74, 760480624, 0.10888452, 0.76579183, -0.101899, 0.62555885, -0.10371716, 0.1990018, -0.090476036, 0
75, 760497291, 0.10864001, 0.76577103, -0.10135469, 0.6257151, -0.14896198, 0.19352718, -0.07581329, 0
76, 760513958, 0.108246036, 0.76552856, -0.1005876, 0.62620366, -0.30834925, 0.16730666, 0.05296421, 0
77, 760530625, 0.1077527, 0.76466835, -0.099589534, 0.6274981, -0.48176333, 0.10339122, 0.20688438, 0
78, 760547292, 0.1070225, 0.7631646, -0.09825588, 0.6296602, -0.3764675, 0.009118994, 0.19430351, 0
79, 760563959, 0.1061611, 0.7615823, -0.096972905, 0.6319168, 0.08078782, -0.18144552, 0.18586731, 0
80, 760580626, 0.10521563, 0.7599561, -0.09568276, 0.63422483, 0.42530376, -0.25351074, 0.053406715, 0
81, 760597293, 0.10487116, 0.75800556, -0.09459205, 0.6367747, 0.98699, -0.4519642, 0.16808796, 0
82, 760613960, 0.1057675, 0.75532484, -0.09402645, 0.639888, 1.2854483, -0.5992512, 0.0425539, 0
83, 760630627, 0.10891608, 0.750878, -0.09477805, 0.6444662, 1.7385137, -0.41220087, 0.017290115, 0
84, 760647294, 0.112785935, 0.74641526, -0.096067086, 0.6487794, 0.39328697, 0.33767545, -0.60095215, 0
85, 760663961, 0.11549971, 0.74286735, -0.09659503, 0.65228623, -0.469118, 0.6239458, -0.28908348, 0
86, 760680628, 0.11742006, 0.73937297, -0.09624382, 0.6559552, -0.8112627, 0.9953337, -0.24417877, 0
87, 760697295, 0.118650876, 0.73626226, -0.09515136, 0.6593832, -0.98104215, 0.82762134, -0.11082268, 0
88, 760713962, 0.11966213, 0.7330024, -0.0935569, 0.66305023, -1.0297304, 0.7180302, 0.053069115, 0
89, 760730629, 0.12101789, 0.7295354, -0.09218732, 0.6668091, -0.7167376, 0.56258565, 0.12102032, 0
90, 760747296, 0.12274376, 0.7260565, -0.0912978, 0.6704036, -0.71967286, 0.40493748, 0.033777237, 0
91, 760763963, 0.12480693, 0.722684, -0.09076419, 0.6737307, -0.7436035, 0.1614239, 0.07913017, 0
92, 760780630, 0.1275121, 0.71906763, -0.090597846, 0.6771075, -0.5820605, -0.035739105, 0.12301254, 0
93, 760797297, 0.13126992, 0.715028, -0.091140956, 0.6805855, -0.29170063, -0.24490388, 0.20888329, 0
94, 760813964, 0.13626532, 0.710736, -0.09270579, 0.68388003, -0.022028584, -0.39913502, 0.37284565, 0
95, 760830631, 0.14277266, 0.7062271, -0.09572636, 0.68680114, 0.25525314, -0.6081364, 0.3553238, 0
96, 760847298, 0.15030234, 0.7021163, -0.09993628, 0.6888068, 0.020878611, -0.79292214, 0.12737274, 0
97, 760863965, 0.15826032, 0.69844687, -0.10480915, 0.69002944, -0.15284063, -0.67233914, -0.17722893, 0
98, 760880632, 0.16608989, 0.6947902, -0.11014248, 0.69104946, 0.0037861697, -0.5704752, -0.26163006, 0
99, 760897299, 0.1728176, 0.69132334, -0.11522303, 0.69204766, 0.34083647, -0.2824276, -0.01215744, 0
100, 760913966, 0.1781814, 0.68807787, -0.11928088, 0.6932332, 0.27093548, 0.13482569, 0.13469982, 0
101, 760930633, 0.18247405, 0.6848711, -0.121892914, 0.6948359, 0.012464661, 0.120486446, 0.106892586, 0
102, 760947300, 0.18614009, 0.68174493, -0.12303268, 0.69673437, -0.16979633, -0.27067026, 0.1725645, 0
103, 760963967, 0.18937916, 0.678601, -0.123079196, 0.698919, -0.20446035, -0.6280049, 0.11302471, 0
104, 760980634, 0.19192052, 0.675824, -0.12282356, 0.70095855, -0.047288693, -0.32481652, 0.100198746, 0
105, 760997301, 0.19403729, 0.6733044, -0.12235882, 0.7028792, 0.12369838, -0.058084425, 0.03906727, 0
106, 761013968, 0.19581053, 0.6709361, -0.121517204, 0.7047956, 0.114169605, -0.18189305, -0.02950859, 0
107, 761030635, 0.19750693, 0.6686659, -0.1207687, 0.7066061, -0.01157839, -0.51931626, 0.12535954, 0
108, 761047302, 0.19991654, 0.665889, -0.12119117, 0.70847577, 0.0742058, -0.63561577, 0.3009243, 0
109, 761063969, 0.20353363, 0.66248435, -0.12341846, 0.710251, 0.2505582, -0.33624977, 0.2146368, 0
110, 761080636, 0.20784214, 0.6588137, -0.12704127, 0.71177715, 0.353665, 0.38037816, -0.12677574, 0
111, 761097303, 0.21192117, 0.6546531, -0.13085559, 0.71371967, 0.44744664, 1.0959966, -0.23073101, 0
112, 761113970, 0.21518886, 0.6499004, -0.1341144, 0.7164751, 1.076687, 0.8632596, -0.0824337, 0
113, 761130637, 0.21741198, 0.64517254, -0.13643499, 0.719632, 1.2167226, 0.63045126, 0.075974464, 0
114, 761147304, 0.21874346, 0.6408427, -0.13819589, 0.7227545, 0.77737534, -0.16940829, 0.38603878, 0
115, 761163971, 0.21959329, 0.637079, -0.13922672, 0.72562057, 0.6207369, -0.041813463, 0.14626217, 0
116, 761180638, 0.21970244, 0.6340178, -0.13863839, 0.72837615, 0.5737152, -0.18448648, 7.390976E-4, 0
117, 761197305, 0.21912271, 0.63148725, -0.13683535, 0.73108494, 0.05314758, 0.11249117, -0.062418938, 0
118, 761213972, 0.21871997, 0.6291088, -0.13446522, 0.73369133, -0.16880992, 0.4098546, -0.46956635, 0
119, 761230639, 0.21798004, 0.6269909, -0.13164443, 0.7362316, 0.10075536, 0.14559545, -0.20418549, 0
120, 761247306, 0.21702439, 0.6249834, -0.12887111, 0.73870724, 0.44655138, -0.017501287, 0.2500391, 0
121, 761263973, 0.21570194, 0.6233128, -0.12640822, 0.7409286, 0.33751702, 0.08878773, 0.371315, 0
122, 761280640, 0.21402083, 0.6222026, -0.1240069, 0.7427526, 0.4943387, 0.20971349, 0.2361145, 0
123, 761297307, 0.2121462, 0.62142706, -0.12111768, 0.7444146, 0.62972623, 0.43779147, 0.09526539, 0
124, 761313974, 0.20978537, 0.6208266, -0.11750872, 0.74616116, 0.8571922, 0.6186434, 0.053703308, 0
125, 761330641, 0.20696564, 0.62039256, -0.11324566, 0.74796647, 0.6806793, 0.20640571, 0.077023506, 0
126, 761347308, 0.20449689, 0.6196254, -0.10909651, 0.7498957, 0.6260489, -0.26000133, 0.11086941, 0
127, 761363975, 0.2024742, 0.61840147, -0.10565622, 0.75194466, 0.886307, -0.92808807, 0.0955143, 0
128, 761380642, 0.20102426, 0.61704755, -0.1033705, 0.75376153, 0.88104427, -0.796218, -0.098353386, 0
129, 761397309, 0.20053726, 0.6154485, -0.10212647, 0.7553664, 0.7209556, -0.28474522, -0.029753685, 0
130, 761413976, 0.20038961, 0.613217, -0.100567766, 0.7574266, 0.8611204, -0.23315944, 0.20109177, 0
131, 761430643, 0.19995815, 0.61065525, -0.09806611, 0.7599343, 1.1928334, -0.24213795, 0.24978924, 0
132, 761447310, 0.19960037, 0.6081015, -0.09527679, 0.76242673, 1.3833928, -0.5015361, 0.45585632, 0
133, 761463977, 0.1993882, 0.60491717, -0.092539445, 0.7653471, 1.4092016, -1.0276296, 0.6988802, 0
134, 761480644, 0.19927368, 0.6013844, -0.090020284, 0.76845515, 1.2036895, -0.9728524, 0.5320511, 0
135, 761497311, 0.19991127, 0.597058, -0.087835796, 0.7719081, 1.0723047, -0.99406725, 0.4832554, 0
136, 761513978, 0.20111181, 0.5918017, -0.085536756, 0.77589196, 1.1105324, -1.003657, 0.9162903, 0
137, 761530645, 0.20302193, 0.5853268, -0.08331619, 0.78053397, 1.5523813, -0.21696258, 0.61165714, 0
138, 761547312, 0.20532323, 0.5783901, -0.081907876, 0.78523785, 0.8371568, 0.091792524, -0.13633633, 0
139, 761563979, 0.20828715, 0.57114375, -0.081190474, 0.78982246, 0.26255438, 0.44763687, -0.87903404, 0
140, 761580646, 0.21136743, 0.56382036, -0.080958515, 0.79427737, -0.5896337, 1.22738, -1.5662003, 0
141, 761597313, 0.21380404, 0.5565002, -0.07969597, 0.7989017, -1.173788, 1.507003, -1.9286427, 0
142, 761613980, 0.2153894, 0.54925585, -0.07707466, 0.8037318, -0.6127637, 1.102903, -1.6753025, 0
143, 761630647, 0.21630678, 0.54170126, -0.07309885, 0.8089671, -0.47954336, -0.34199437, -0.6760893, 0
144, 761647314, 0.21703441, 0.5344075, -0.06945231, 0.8139295, -0.7359781, -1.817166, 0.69268227, 0
145, 761663981, 0.21863036, 0.5270113, -0.06743663, 0.81848174, -0.84662676, -1.6868452, 1.0513821, 0
146, 761680648, 0.22137822, 0.5189083, -0.06635808, 0.822996, -0.34313038, -1.8244565, 1.0155449, 0
147, 761697315, 0.22516716, 0.51068884, -0.0654463, 0.82717204, -0.32722503, -1.1786292, 0.383873, 0
148, 761713982, 0.22971529, 0.5027365, -0.06420538, 0.83088183, -0.14913619, -0.89966947, -0.47307205, 0
149, 761730649, 0.2344996, 0.49492583, -0.062486432, 0.8343584, -0.19166382, -0.7098803, -0.54709816, 0
150, 761747316, 0.23905754, 0.4865858, -0.060232736, 0.8381277, -0.62542343, -0.8094039, -0.28448296, 0
151, 761763983, 0.24420956, 0.4778224, -0.05908411, 0.84175813, -0.62888926, -0.9392193, -0.1214304, 0
152, 761780650, 0.2501016, 0.46893856, -0.059531737, 0.84498626, -0.64982146, -0.80264544, -0.31023788, 0
153, 761797317, 0.2564496, 0.45995972, -0.060871053, 0.8479184, -0.46220592, -0.64710796, 0.18160248, 0
154, 761813984, 0.26279938, 0.45085227, -0.06280623, 0.8507198, -0.65621996, -0.010619547, 0.31601143, 0
155, 761830651, 0.26872346, 0.44173634, -0.06461742, 0.85351133, -0.39178056, 0.41358915, 0.3673725, 0
156, 761847318, 0.27440834, 0.43289745, -0.06641784, 0.8560891, -0.29222882, 0.36317614, 0.09787083, 0
157, 761863985, 0.27981853, 0.42414495, -0.06781892, 0.85860544, -0.6877729, 0.50377566, 0.093416214, 0
158, 761880652, 0.28479025, 0.41569486, -0.068552844, 0.86104184, -1.0313914, 0.60413116, 0.020586014, 0
159, 761897319, 0.2895985, 0.40747288, -0.06859232, 0.863362, -1.0528412, 0.5853583, 0.035764694, 0
160, 761913986, 0.29440832, 0.3995595, -0.06799783, 0.86547816, -1.2086679, 0.3675382, 0.5367813, 0
161, 761930653, 0.2992705, 0.39161134, -0.06751832, 0.8674787, -1.5948849, 0.35594863, 0.78001404, 0
162, 761947320, 0.3040704, 0.38374805, -0.06770076, 0.86930734, -1.6464286, 0.5167892, 0.8358774, 0
163, 761963987, 0.30862045, 0.37609977, -0.06828251, 0.8709996, -1.4068576, 0.8829192, 0.7065973, 0
164, 761980654, 0.31280062, 0.36831388, -0.06858132, 0.8728101, -0.98185664, 1.3091105, 0.6562433, 0
165, 761997321, 0.31659025, 0.36056545, -0.06855461, 0.8746791, -0.83557326, 1.337856, 0.7233057, 0
166, 762013988, 0.32006302, 0.35272294, -0.068383865, 0.8766242, -0.8004182, 1.2556092, 0.5485544, 0
167, 762030655, 0.3233841, 0.34482208, -0.06855962, 0.8785328, -0.47066274, 0.890543, 0.2981882, 0
168, 762047322, 0.32628602, 0.33710232, -0.06894704, 0.8804236, -0.24837145, 0.62878305, -0.066337585, 0
169, 762063989, 0.32890576, 0.3290859, -0.068950795, 0.882479, 0.23137744, 0.47460863, -0.16021347, 0
170, 762080656, 0.3313095, 0.32084042, -0.06829033, 0.8846649, 0.13522528, 0.26844576, -0.1268959, 0
171, 762097323, 0.33341837, 0.31258428, -0.06701862, 0.8869228, -0.12139939, 0.025414094, 0.04562664, 0
172, 762113990, 0.33510178, 0.3045158, -0.06559738, 0.88919854, -0.23511028, 0.023848385, 0.18894196, 0
173, 762130657, 0.33668402, 0.2961743, -0.064026564, 0.89152986, -0.18092573, 0.18212193, 0.13798428, 0
174, 762147324, 0.33823228, 0.28779283, -0.06195181, 0.89383245, 0.18101223, 0.13712062, -0.03687954, 0
175, 762163991, 0.33976912, 0.27887228, -0.05949548, 0.8962408, -0.10450914, -0.08826767, -0.2939272, 0
176, 762180658, 0.34115738, 0.26926172, -0.05725805, 0.8987945, -0.17341334, -0.65575546, -0.2031269, 0
177, 762197325, 0.34244275, 0.25881186, -0.056498043, 0.9014197, -0.2181279, -0.71767515, 0.02068615, 0
178, 762213992, 0.34350538, 0.24743357, -0.056719054, 0.9041924, 0.16929857, -0.50911444, -0.07714844, 0
179, 762230659, 0.3440844, 0.23578662, -0.056979537, 0.9070634, 0.47049466, -0.32802778, -0.034190178, 0
180, 762247326, 0.34411812, 0.22413541, -0.05660148, 0.9100234, 0.84331876, 0.5147725, -0.03683281, 0
181, 762263993, 0.34379044, 0.21268947, -0.05474644, 0.9130029, 0.4922266, 0.7686309, 0.0863142, 0
182, 762280660, 0.3436467, 0.2016676, -0.051634602, 0.9157353, -0.051593397, 0.3343847, 0.37021923, 0
183, 762297327, 0.34355238, 0.19024208, -0.048397884, 0.91838855, -0.50072086, 0.27710456, 0.4260893, 0
184, 762313994, 0.3431701, 0.17876576, -0.04411431, 0.92104894, 0.10332803, 0.3751153, 0.43131638, 0
185, 762330661, 0.34134415, 0.1686577, -0.03852307, 0.9238802, 1.789684, 0.5327659, 0.47285557, 0
186, 762347328, 0.33857858, 0.16028835, -0.031454533, 0.92665154, 1.0779431, 0.049214758, 0.5733013, 0
187, 762363995, 0.3358682, 0.15321206, -0.02513376, 0.9290247, 0.85491294, -0.7738715, 0.9301834, 0
188, 762380662, 0.33341745, 0.14755219, -0.020824077, 0.93092847, 0.53875417, -1.1901213, 1.3486223, 0
189, 762397329, 0.33119875, 0.14306742, -0.017797278, 0.9324819, 0.045798767, -0.9767735, 1.1392345, 0
190, 762413996, 0.32909548, 0.1398229, -0.014851269, 0.9337694, 0.017499723, -0.880511, 0.8470268, 0
191, 762430663, 0.32729945, 0.13777648, -0.011959753, 0.93474585, 0.34571287, -1.0345322, 0.5200424, 0
192, 762447330, 0.32596537, 0.13628724, -0.009947542, 0.9354536, 0.60678256, -1.1693063, 0.4146366, 0
193, 762463997, 0.32489246, 0.13512078, -0.008473147, 0.9360104, 0.5883086, -0.66299766, 0.23028946, 0
194, 762480664, 0.3240354, 0.13424575, -0.006846781, 0.93644667, 0.34470206, -0.27104473, 0.15770912, 0
195, 762497331, 0.323387, 0.13366763, -0.005024266, 0.93676496, 0.13177063, -0.16527584, 0.012392998, 0
196, 762513998, 0.32291213, 0.13306801, -0.0031512314, 0.9370223, 0.13865033, -0.22652397, 0.059025764, 0
197, 762530665, 0.32238293, 0.1326441, -0.0013515038, 0.937269, 0.26031113, -0.36165965, 0.26172638, 0
198, 762547332, 0.32178995, 0.13234387, 3.3256796E-4, 0.93751603, 0.3438638, -0.44636095, 0.29302788, 0
199, 762563999, 0.3211928, 0.13218987, 0.001796532, 0.937741, 0.39616525, -0.26789263, 0.33056927, 0
200, 762580666, 0.3206914, 0.13225849, 0.0035581766, 0.93789774, 0.3665498, -0.30777052, 0.2844572, 0
201, 762597333, 0.32038298, 0.13184744, 0.005212713, 0.93805325, 0.19236158, -0.16946903, 0.19898224, 0
202, 762614000, 0.32018366, 0.13102967, 0.0067341635, 0.93822616, 0.16744952, -0.32128355, 0.30867672, 0
203, 762630667, 0.3198613, 0.13040133, 0.007442884, 0.9384183, 0.28897262, -0.5534093, 0.3965845, 0
204, 762647334, 0.3194114, 0.1302682, 0.007979197, 0.93858564, 0.10095737, -0.39860654, 0.65218925, 0
205, 762664001, 0.31892765, 0.13042393, 0.008567969, 0.9387233, -0.3025792, -0.21985228, 0.6252909, 0
206, 762680668, 0.3185036, 0.13052016, 0.008837611, 0.93885154, -0.28663346, -0.12395797, 0.38580894, 0
207, 762697335, 0.3181819, 0.13062753, 0.008865725, 0.9389453, -0.056321003, -0.19639936, 0.3857956, 0
208, 762714002, 0.3178111, 0.13096254, 0.0090432055, 0.9390225, -0.031507947, -0.12186566, 0.5013428, 0
209, 762730669, 0.31741452, 0.13139738, 0.009522317, 0.93909127, -0.07723091, 0.09667522, 0.45399666, 0
210, 762747336, 0.31700096, 0.13173698, 0.010131939, 0.9391769, -0.07402768, 0.19521889, 0.15529537, 0
211, 762764003, 0.31644252, 0.13182576, 0.010696894, 0.93934655, 0.05182141, 0.15865593, -0.043291092, 0
212, 762780670, 0.31577817, 0.13171032, 0.010985672, 0.9395829, 0.22848049, 0.10372216, 0.12631226, 0
213, 762797337, 0.31502566, 0.13163283, 0.011052822, 0.93984556, 0.17296821, 0.03787022, 0.50500965, 0
214, 762814004, 0.31425607, 0.13155092, 0.010830043, 0.94011706, -0.042707663, -0.0029973087, 0.34215164, 0
215, 762830671, 0.31340134, 0.13162464, 0.010488722, 0.940396, -0.07272381, -0.10578524, 0.26283836, 0
216, 762847338, 0.31242353, 0.13181646, 0.010260867, 0.940697, -0.058659215, -0.11313639, 0.15474796, 0
217, 762864005, 0.31136462, 0.13182977, 0.010079244, 0.94104815, -0.02862985, -0.12538563, 0.19784737, 0
218, 762880672, 0.3102228, 0.13183074, 0.009924525, 0.94142675, -0.011274486, -0.14629038, 0.28459263, 0
219, 762897339, 0.30907565, 0.13189125, 0.0098888455, 0.9417959, -0.1353143, -0.07744808, 0.34670067, 0
220, 762914006, 0.30794623, 0.13180551, 0.009826771, 0.9421783, -0.20015596, 0.034441195, 0.28529072, 0
221, 762930673, 0.30682826, 0.13160233, 0.009731763, 0.9425724, -0.07367863, -0.021552963, 0.3340063, 0
222, 762947340, 0.30573028, 0.13161616, 0.009627353, 0.9429284, 0.018167619, -0.089602016, 0.4994936, 0
223, 762964007, 0.30464584, 0.13183725, 0.009753874, 0.943247, -0.1428018, -0.06733054, 0.614377, 0
224, 762980674, 0.30375472, 0.1319454, 0.009864162, 0.9435182, -0.4801339, -0.028831663, 0.6459017, 0
225, 762997341, 0.30298612, 0.13176014, 0.0098267235, 0.94379145, -0.6926963, -0.09671358, 0.36087227, 0
226, 763014008, 0.30224442, 0.13121934, 0.009736881, 0.94410545, -0.42343268, -0.11907538, 0.119208336, 0
227, 763030675, 0.3014945, 0.13055383, 0.009628351, 0.94443864, 0.017122312, -0.085665, 0.10557747, 0
228, 763047342, 0.3007236, 0.1301196, 0.009389951, 0.94474655, 0.4214217, -0.08724437, 0.083711624, 0
229, 763064009, 0.2998493, 0.13024937, 0.009093962, 0.94500935, 0.6338561, -0.1811423, -0.047021866, 0
230, 763080676, 0.29887432, 0.13088721, 0.00881649, 0.9452328, 0.5871207, -0.25484723, 0.0024585724, 0
231, 763097343, 0.297916, 0.1317576, 0.008648316, 0.94541585, 0.371511, -0.28870082, 0.23687267, 0
232, 763114010, 0.2970936, 0.13249172, 0.008446201, 0.9455739, 0.09493356, -0.28795364, 0.42402458, 0
233, 763130677, 0.29640642, 0.13300422, 0.008177954, 0.9457199, -0.14540575, -0.29321608, 0.55092525, 0
234, 763147344, 0.29581377, 0.13334557, 0.007850682, 0.9458604, -0.29059505, -0.22149584, 0.5271349, 0
235, 763164011, 0.2952848, 0.13358402, 0.0074760695, 0.945995, -0.34093273, -0.062660545, 0.39801407, 0
236, 763180678, 0.29475835, 0.13372383, 0.0070892777, 0.9461424, -0.102906704, 0.053253192, 0.31991863, 0
237, 763197345, 0.29419708, 0.13380986, 0.006799861, 0.946307, -0.09047186, 0.18331258, 0.2838974, 0
238, 763214012, 0.293633, 0.13402401, 0.006626291, 0.9464533, -0.19565442, 0.2093089, 0.22436905, 0
239, 763230679, 0.29307696, 0.1342082, 0.006602659, 0.94659954, -0.2630347, 0.26143306, 0.20020199, 0
240, 763247346, 0.2925773, 0.13414088, 0.0066883927, 0.94676304, -0.22179395, 0.27991778, 0.3853855, 0
241, 763264013, 0.29214928, 0.1340932, 0.0068286555, 0.9469009, -0.19622463, 0.2530326, 0.48628616, 0
242, 763280680, 0.29178122, 0.1341117, 0.0070936824, 0.9470099, -0.0922457, 0.18077295, 0.4917488, 0
243, 763297347, 0.29143545, 0.13422711, 0.007416936, 0.94709736, 0.009104148, 0.08327213, 0.33633518, 0
244, 763314014, 0.2910985, 0.13434811, 0.0077231294, 0.9471814, 0.022557935, -0.017850779, 0.22970104, 0
245, 763330681, 0.2907654, 0.13440579, 0.008013372, 0.94727314, 0.0016155307, -0.061148394, 0.3307886, 0
246, 763347348, 0.29048038, 0.13458793, 0.008326174, 0.9473321, -0.037898634, -0.11226455, 0.29720974, 0
247, 763364015, 0.29025552, 0.13471173, 0.008595959, 0.9473809, -0.0135211265, -0.13501267, 0.29835796, 0
248, 763380682, 0.29011762, 0.13477635, 0.008841538, 0.9474118, 0.042800106, -0.16097613, 0.28892803, 0
249, 763397349, 0.29001996, 0.13490145, 0.009151198, 0.94742095, 0.07317294, -0.19718738, 0.35189915, 0
250, 763414016, 0.2899821, 0.13519993, 0.009570502, 0.9473858, 0.0851707, -0.19567405, 0.37703705, 0
251, 763430683, 0.2900162, 0.13558117, 0.0100389775, 0.94731593, 0.0034149706, -0.15774125, 0.31890965, 0
252, 763447350, 0.2901321, 0.13585737, 0.010436907, 0.9472366, -0.011222191, -0.11544151, 0.32448864, 0
253, 763464017, 0.2903038, 0.13604638, 0.010768211, 0.9471533, 0.0064296643, -0.124251604, 0.27747345, 0
254, 763480684, 0.29051334, 0.13623732, 0.011131967, 0.9470575, 0.046680965, -0.086520694, 0.35632706, 0
255, 763497351, 0.29082367, 0.13645762, 0.0116288075, 0.9469245, -0.02188379, -0.006136213, 0.37564468, 0
256, 763514018, 0.29122674, 0.1366182, 0.012098654, 0.9467715, -0.030996794, -0.045439597, 0.22197533, 0
257, 763530685, 0.2916291, 0.1366482, 0.012565557, 0.94663715, -0.05786705, -0.119949795, 0.24396992, 0
258, 763547352, 0.29205328, 0.13661382, 0.013004792, 0.9465054, 0.011163309, -0.08799384, 0.24357224, 0
259, 763564019, 0.2925287, 0.13659102, 0.013447163, 0.9463559, 0.07468545, -0.0737001, 0.24978542, 0
260, 763580686, 0.29307643, 0.13658124, 0.013937223, 0.9461806, 0.09154707, -0.107266046, 0.3191414, 0
261, 763597353, 0.29364517, 0.13664743, 0.014436176, 0.9459871, 0.081219114, -0.23076, 0.36656952, 0
262, 763614020, 0.2942403, 0.1368188, 0.014856061, 0.945771, 0.009732568, -0.22120768, 0.32537842, 0
263, 763630687, 0.29488152, 0.13698618, 0.015178053, 0.945542, -0.0065040174, -0.19032517, 0.2513895, 0
264, 763647354, 0.29551303, 0.13710095, 0.015424683, 0.94532406, -0.04461336, -0.18165645, 0.27758408, 0
265, 763664021, 0.29609787, 0.1372409, 0.015586311, 0.94511825, -0.04315957, -0.19632848, 0.23958588, 0
266, 763680688, 0.29667586, 0.1373442, 0.015610353, 0.9449214, -0.036724556, -0.18887134, 0.24110126, 0
267, 763697355, 0.29726917, 0.13734874, 0.015518444, 0.94473577, -0.073038094, -0.20987435, 0.24754715, 0
268, 763714022, 0.29786995, 0.13726825, 0.015350562, 0.94456095, -0.101171434, -0.23626526, 0.26450634, 0
269, 763730689, 0.2984848, 0.1371719, 0.015145344, 0.9443841, -0.07466552, -0.22111747, 0.30460453, 0
270, 763747356, 0.29908228, 0.13709657, 0.014870467, 0.94421047, 0.0066860477, -0.18276632, 0.33211422, 0
271, 763764023, 0.29968506, 0.13704498, 0.014561292, 0.94403166, 0.027149089, -0.1490323, 0.335207, 0
272, 763780690, 0.300314, 0.13700882, 0.0141870305, 0.94384253, 0.06136702, -0.07014672, 0.30048466, 0
273, 763797357, 0.3009506, 0.13691825, 0.013758799, 0.9436593, 0.105519965, -0.052533533, 0.2808075, 0
274, 763814024, 0.30159009, 0.13668376, 0.013311184, 0.9434956, 0.16223554, 0.014801531, 0.3415699, 0
275, 763830691, 0.3022067, 0.13647285, 0.012874555, 0.9433349, 0.17944092, 0.012755997, 0.31784153, 0
276, 763847358, 0.30279538, 0.13634662, 0.01245076, 0.9431701, 0.21019581, 0.01638132, 0.26216125, 0
277, 763864025, 0.30334795, 0.13621251, 0.012046241, 0.943017, 0.17490263, 0.016828487, 0.2626915, 0
278, 763880692, 0.30387548, 0.13606241, 0.011645114, 0.94287384, 0.17683718, 0.030066935, 0.27580738, 0
279, 763897359, 0.30437338, 0.13593128, 0.011277854, 0.9427367, 0.16079082, 0.035369948, 0.26215172, 0
280, 763914026, 0.3048382, 0.13582724, 0.01092879, 0.9426056, 0.120179705, 2.8319092E-4, 0.26874733, 0
281, 763930693, 0.30531093, 0.13572843, 0.010566457, 0.9424709, 0.0609248, -0.006174238, 0.26427174, 0
282, 763947360, 0.30577967, 0.13565291, 0.010233088, 0.9423335, -7.634469E-4, -0.042583633, 0.2896366, 0
283, 763964027, 0.30626032, 0.13566254, 0.010004433, 0.9421785, -0.005138486, -0.035671774, 0.2732935, 0
284, 763980694, 0.3067818, 0.13574588, 0.009923455, 0.94199777, -0.0010787469, -0.016410712, 0.29399586, 0
285, 763997361, 0.30734098, 0.13585648, 0.009946369, 0.9417992, 0.06899056, 0.06451283, 0.29140186, 0
286, 764014028, 0.30793533, 0.13595596, 0.010032249, 0.9415898, 0.12461634, 0.15027055, 0.30370045, 0
287, 764030695, 0.30850607, 0.13606359, 0.010159836, 0.941386, 0.14970109, 0.22119057, 0.339386, 0
288, 764047362, 0.30902863, 0.13619247, 0.010278986, 0.9411948, 0.15878236, 0.29505527, 0.32079697, 0
289, 764064029, 0.3094591, 0.13625813, 0.010326141, 0.94104326, 0.13418326, 0.35419026, 0.3161974, 0
290, 764080696, 0.30978346, 0.13627553, 0.010304546, 0.94093406, 0.12699382, 0.36437494, 0.3234291, 0
291, 764097363, 0.30997407, 0.13627625, 0.01025869, 0.9408718, 0.10473927, 0.332738, 0.28250694, 0
292, 764114030, 0.3100472, 0.1362323, 0.010157196, 0.9408551, 0.067724995, 0.26153687, 0.28550816, 0
293, 764130697, 0.31001407, 0.1361163, 0.010009014, 0.94088435, 0.01692647, 0.17219204, 0.27378464, 0
294, 764147364, 0.30989295, 0.1359937, 0.009886484, 0.94094336, -0.013946416, 0.08843715, 0.2974491, 0
295, 764164031, 0.30973774, 0.13590586, 0.009782741, 0.94100827, -0.05270944, 0.008998855, 0.30004597, 0
296, 764180698, 0.3095663, 0.13582134, 0.009695394, 0.9410778, -0.0686945, -0.048908796, 0.31580925, 0
297, 764197365, 0.30937412, 0.13578652, 0.00962574, 0.9411468, -0.036472637, -0.082871705, 0.318388, 0
298, 764214032, 0.30916303, 0.13578078, 0.009635956, 0.94121677, -0.023875609, -0.079466455, 0.32329464, 0
299, 764230699, 0.30897152, 0.13581271, 0.009674578, 0.94127464, -0.017692694, -0.073838346, 0.31333733, 0
300, 764247366, 0.308783, 0.13582934, 0.009707566, 0.9413338, 0.016817175, -0.03883328, 0.3038578, 0
301, 764264033, 0.3085667, 0.13585047, 0.0097470805, 0.9414013, 0.059381783, -0.013325758, 0.3007002, 0
302, 764280700, 0.3083408, 0.13587731, 0.009793303, 0.94147104, 0.03149068, -0.02750123, 0.31680775, 0
303, 764297367, 0.3081144, 0.1358926, 0.009834403, 0.94154245, 0.022094946, -0.012430254, 0.2946701, 0
304, 764314034, 0.30788895, 0.13590607, 0.009862103, 0.941614, 0.041722454, 0.016528616, 0.28865433, 0
305, 764330701, 0.30768713, 0.13592556, 0.009918034, 0.9416765, 0.06354313, 0.048825677, 0.31697464, 0
306, 764347368, 0.30750245, 0.13588415, 0.0100411605, 0.9417415, -0.024562918, 0.05996129, 0.36432648, 0
307, 764364035, 0.30736104, 0.13583055, 0.010204786, 0.9417937, -0.055718467, 0.024721455, 0.37063026, 0
308, 764380702, 0.3072696, 0.13577724, 0.01035925, 0.94182944, 0.0062054773, -0.010173276, 0.2923479, 0
309, 764397369, 0.3072232, 0.13571125, 0.010517103, 0.94185233, 0.014956062, -0.024830362, 0.29765892, 0
310, 764414036, 0.3071726, 0.1356415, 0.010647788, 0.9418775, 0.0017524603, -0.06169667, 0.27857018, 0
311, 764430703, 0.30708197, 0.1356047, 0.010767123, 0.9419109, 0.025557945, -0.08281152, 0.2985506, 0
312, 764447370, 0.3069385, 0.13558766, 0.010844476, 0.94195926, 0.009871439, -0.068514094, 0.3257084, 0
313, 764464037, 0.306765, 0.13553488, 0.010928782, 0.9420224, -0.016769586, -0.091474965, 0.3718319, 0
314, 764480704, 0.306592, 0.1354714, 0.010934125, 0.9420878, -0.019318312, -0.06258578, 0.33373547, 0
315, 764497371, 0.30639392, 0.13532889, 0.01091476, 0.942173, -0.04671097, -0.021561652, 0.3180666, 0
316, 764514038, 0.30616882, 0.13513033, 0.010909449, 0.9422746, -0.037737396, 0.0076265973, 0.33569527, 0
317, 764530705, 0.30591175, 0.13494132, 0.010885366, 0.94238555, 0.018446853, 0.006502774, 0.28826714, 0
318, 764547372, 0.3056292, 0.13480261, 0.01077174, 0.9424983, 0.07386074, -0.0046646595, 0.26032925, 0
319, 764564039, 0.30533305, 0.13465641, 0.010522378, 0.9426181, 0.14607728, 0.0091682775, 0.2368145, 0
320, 764580706, 0.30506045, 0.13449433, 0.0102640055, 0.9427324, 0.16433533, -0.014645854, 0.2246933, 0
321, 764597373, 0.30484048, 0.13433307, 0.010007318, 0.9428292, 0.18454513, -0.0034422951, 0.25631237, 0
322, 764614040, 0.3046935, 0.13417654, 0.0098096775, 0.94290096, 0.2206853, 0.0034768558, 0.313653, 0
323, 764630707, 0.30461, 0.13402027, 0.009711964, 0.9429512, 0.21155816, 0.05272609, 0.2712307, 0
324, 764647374, 0.3045885, 0.13392772, 0.0097185355, 0.9429713, 0.24865791, 0.072640255, 0.2879629, 0
325, 764664041, 0.304614, 0.13390768, 0.009787382, 0.94296515, 0.24466625, 0.033591483, 0.26539993, 0
326, 764680708, 0.30469516, 0.13389325, 0.00990367, 0.9429398, 0.18990548, -0.031213975, 0.25247383, 0
327, 764697375, 0.30483225, 0.13384613, 0.0100475885, 0.9429006, 0.070188336, -0.07829251, 0.25574207, 0
328, 764714042, 0.3050034, 0.13377787, 0.010224395, 0.9428532, 0.034156643, -0.12850006, 0.29052353, 0
329, 764730709, 0.30519417, 0.13364926, 0.010434978, 0.9428072, 0.003946956, -0.12585187, 0.29497242, 0
330, 764747376, 0.30537224, 0.1335449, 0.010598514, 0.9427625, 0.0267864, -0.14695728, 0.33054733, 0
331, 764764043, 0.30554536, 0.13347173, 0.01069704, 0.94271576, 0.05696494, -0.14284886, 0.32446957, 0
332, 764780710, 0.3057121, 0.1334072, 0.010737702, 0.94267035, 0.07455834, -0.13622592, 0.28813362, 0
333, 764797377, 0.3058667, 0.13331455, 0.010752472, 0.94263315, 0.11004746, -0.1323222, 0.2669115, 0
334, 764814044, 0.30600485, 0.13319471, 0.010735103, 0.94260544, 0.16214353, -0.13192928, 0.2611904, 0
335, 764830711, 0.3061531, 0.13308366, 0.010654286, 0.94257385, 0.18755859, -0.12567666, 0.24603462, 0
336, 764847378, 0.3062927, 0.13294022, 0.010547181, 0.94255, 0.17923652, -0.10041328, 0.28577232, 0
337, 764864045, 0.30642784, 0.13271743, 0.010409045, 0.9425391, 0.1925345, -0.08369213, 0.29218388, 0
338, 764880712, 0.3065529, 0.13244677, 0.010262563, 0.94253796, 0.17586815, -0.08706232, 0.32303333, 0
339, 764897379, 0.30667844, 0.13221969, 0.010073663, 0.94253105, 0.13569218, -0.09097743, 0.32807827, 0
340, 764914046, 0.30680066, 0.13208888, 0.009836884, 0.9425123, 0.09226963, -0.104139745, 0.28671074, 0
341, 764930713, 0.30692345, 0.13198657, 0.009527967, 0.94248956, 0.072336674, -0.083974205, 0.28002262, 0
342, 764947380, 0.30707836, 0.1318344, 0.009213532, 0.9424637, 0.0526249, -0.07000001, 0.30408478, 0
343, 764964047, 0.3072589, 0.13165452, 0.008919482, 0.94243276, 0.04822621, -0.055546433, 0.33275604, 0
344, 764980714, 0.30750945, 0.13150111, 0.00867413, 0.9423747, 0.024240218, -0.034571894, 0.34150314, 0
345, 764997381, 0.30784437, 0.13139515, 0.008501863, 0.9422817, -0.006682463, -0.020156538, 0.35481548, 0
346, 765014048, 0.3082486, 0.13123173, 0.00834811, 0.94217384, -0.019289158, -0.0039839507, 0.30170345, 0
347, 765030715, 0.3086883, 0.13106427, 0.008212401, 0.9420544, -0.014672665, 0.037521426, 0.30809784, 0
348, 765047382, 0.30912283, 0.13091636, 0.008141319, 0.9419331, 7.9026324E-4, 0.03886664, 0.32514763, 0
349, 765064049, 0.30956903, 0.13084899, 0.008090825, 0.9417964, 0.009267016, 0.07569691, 0.27961254, 0
350, 765080716, 0.31002167, 0.13076596, 0.008036519, 0.9416593, 0.020186376, 0.14049591, 0.25541592, 0
351, 765097383, 0.31048986, 0.13069619, 0.007981797, 0.9415152, 0.09506927, 0.17976639, 0.26601124, 0
352, 765114050, 0.31099242, 0.13059548, 0.007976396, 0.94136333, 0.15970193, 0.19017108, 0.22583866, 0
353, 765130717, 0.31148744, 0.13054007, 0.008033816, 0.9412069, 0.19921376, 0.14982535, 0.28524017, 0
354, 765147384, 0.31195566, 0.13049328, 0.008181162, 0.941057, 0.1470493, 0.08838336, 0.32592392, 0
355, 765164051, 0.3124003, 0.13046496, 0.0083168745, 0.94091237, 0.07776569, 0.035034873, 0.33306885, 0
356, 765180718, 0.31277996, 0.13039078, 0.008432714, 0.94079536, 0.006748078, 0.022679217, 0.30988216, 0
357, 765197385, 0.31314188, 0.13024747, 0.008484064, 0.94069433, 0.03532739, -0.03299241, 0.28364944, 0
358, 765214052, 0.3134644, 0.13011199, 0.008425986, 0.9406061, 0.06860212, -0.08444283, 0.30087185, 0
359, 765230719, 0.31372827, 0.12994772, 0.008340461, 0.9405416, 0.06638699, -0.08942829, 0.32306194, 0
360, 765247386, 0.31390035, 0.12976134, 0.008259623, 0.9405107, 0.059164096, -0.10731966, 0.32087803, 0
361, 765264053, 0.31391868, 0.12961422, 0.00820416, 0.94052535, 0.06621295, -0.1258304, 0.34066105, 0
362, 765280720, 0.31383926, 0.12954956, 0.008146532, 0.94056123, 0.10592123, -0.098538816, 0.30453968, 0
363, 765297387, 0.3137425, 0.12951382, 0.008046296, 0.94059944, 0.12834944, -0.038202107, 0.27055836, 0
364, 765314054, 0.31363547, 0.1294915, 0.007924847, 0.94063914, 0.16166696, 0.03260202, 0.28320217, 0
365, 765330721, 0.313507, 0.12946756, 0.007837913, 0.94068605, 0.17780824, 0.064105, 0.30016613, 0
366, 765347388, 0.3134049, 0.12942187, 0.007724279, 0.9407273, 0.17978126, 0.0710261, 0.2954445, 0
367, 765364055, 0.31336203, 0.12934653, 0.0075874273, 0.9407531, 0.14862268, 0.058793686, 0.23199558, 0
368, 765380722, 0.31326282, 0.12922812, 0.0074756294, 0.9408033, 0.1275897, 0.048867896, 0.2727499, 0
369, 765397389, 0.31317976, 0.12906249, 0.007356541, 0.9408546, 0.10753286, 0.0062750704, 0.30447006, 0
370, 765414056, 0.3131226, 0.12891923, 0.0072186147, 0.94089425, 0.14033806, -0.023716178, 0.29339123, 0
371, 765430723, 0.31303847, 0.12877975, 0.0071607567, 0.9409418, 0.22075142, -0.05228063, 0.27023792, 0
372, 765447390, 0.31295496, 0.12864995, 0.007157289, 0.94098735, 0.26833698, -0.0777107, 0.25416183, 0
373, 765464057, 0.31286615, 0.12853852, 0.0071429987, 0.9410323, 0.20361643, -0.091126874, 0.25906277, 0
374, 765480724, 0.3127788, 0.12841277, 0.00716778, 0.9410783, 0.12171968, -0.09606265, 0.29509163, 0
375, 765497391, 0.31273472, 0.12828952, 0.007209398, 0.9411094, 0.082784355, -0.10716541, 0.33347702, 0
376, 765514058, 0.31270996, 0.12814055, 0.0072303526, 0.9411378, 0.03475607, -0.11200153, 0.34878826, 0
377, 765530725, 0.312739, 0.12797636, 0.007271066, 0.9411502, 0.00572471, -0.09545336, 0.30672073, 0
378, 765547392, 0.3127702, 0.1277702, 0.0072932583, 0.94116753, -0.041366044, -0.08998959, 0.3724451, 0
379, 765564059, 0.3128695, 0.1275415, 0.0072583407, 0.941166, -0.04618639, -0.051542953, 0.3742342, 0
380, 765580726, 0.31298625, 0.12732443, 0.007316373, 0.94115597, -0.02447275, -0.0016541914, 0.3888235, 0
381, 765597393, 0.3132476, 0.1270885, 0.007420589, 0.9411001, -0.04763409, 0.04958364, 0.38670635, 0
382, 765614060, 0.3135263, 0.12683697, 0.0075599016, 0.94104016, -0.13642211, 0.09999341, 0.44612122, 0
383, 765630727, 0.3139168, 0.12652302, 0.007749219, 0.94095075, -0.19618015, 0.1621347, 0.461977, 0
384, 765647394, 0.31445202, 0.12617874, 0.008107666, 0.9408152, -0.20884919, 0.18864767, 0.4901657, 0
385, 765664061, 0.31516632, 0.1257704, 0.008540724, 0.94062704, -0.28129297, 0.17553124, 0.5257864, 0
386, 765680728, 0.31609705, 0.1250683, 0.008929657, 0.94040483, -0.3587415, 0.100631654, 0.51579285, 0
387, 765697395, 0.31689134, 0.124160565, 0.009492561, 0.940252, -0.40190464, -0.04236135, 0.45989895, 0
388, 765714062, 0.31779692, 0.123289965, 0.010260655, 0.940053, -0.38235605, -0.2730212, 0.31128693, 0
389, 765730729, 0.31860587, 0.12255808, 0.011196574, 0.93986416, -0.20765331, -0.43596253, 0.29061222, 0
390, 765747396, 0.31933415, 0.12196247, 0.012008676, 0.93968445, -0.01208706, -0.44672516, 0.34763622, 0
391, 765764063, 0.32004103, 0.12144271, 0.012418246, 0.93950593, -0.024351869, -0.28393126, 0.29650593, 0
392, 765780730, 0.32081115, 0.121040545, 0.01253266, 0.9392935, 0.087819666, -0.05658753, 0.16602802, 0
393, 765797397, 0.32154605, 0.12074321, 0.012453424, 0.93908155, 0.30302343, 0.07628969, 0.11977863, 0
394, 765814064, 0.32220355, 0.12041159, 0.012145579, 0.93890285, 0.47507694, 0.17143413, 0.099954605, 0
395, 765830731, 0.32285357, 0.120048575, 0.01166247, 0.93873227, 0.6856447, 0.2758703, 0.10882187, 0
396, 765847398, 0.32345992, 0.11978112, 0.011183047, 0.93856335, 0.6455415, 0.2863256, 0.12636185, 0
397, 765864065, 0.32400545, 0.11976575, 0.010925474, 0.9383802, 0.44806305, 0.21262717, 0.041527748, 0
398, 765880732, 0.32446554, 0.119995266, 0.01089745, 0.9381922, 0.33898047, 0.15162063, 0.02987957, 0
399, 765897399, 0.32484588, 0.12028857, 0.011035256, 0.9380215, 0.19848004, 0.08184667, 0.26239872, 0
400, 765914066, 0.32515582, 0.120349325, 0.0110708475, 0.9379058, 0.08683465, 0.047316015, 0.31901836, 0
401, 765930733, 0.32550254, 0.120163806, 0.010736431, 0.9378132, -0.0831233, -0.021495437, 0.38778687, 0
402, 765947400, 0.32583788, 0.11971833, 0.0103578735, 0.937758, -0.15142816, -0.018803306, 0.3805046, 0
403, 765964067, 0.32639012, 0.11936979, 0.010248321, 0.9376115, -0.0796818, -0.2286458, 0.30983734, 0
404, 765980734, 0.32705367, 0.119331874, 0.010293749, 0.93738455, 0.15613395, -0.5879029, -0.09683323, 0
405, 765997401, 0.3278949, 0.11949527, 0.010198541, 0.9370709, 0.3327249, -0.7984114, -0.23074436, 0
406, 766014068, 0.329002, 0.12010282, 0.009756676, 0.9366099, 0.5303666, -0.9543849, -0.14466953, 0
407, 766030735, 0.3299212, 0.12168312, 0.008944886, 0.9360904, 0.6835639, -0.95974386, -0.29489708, 0
408, 766047402, 0.33072686, 0.12421815, 0.007689848, 0.9354842, 0.8022723, -0.8959535, -0.48707962, 0
409, 766064069, 0.3315528, 0.1273825, 0.005914815, 0.9347789, 0.8044878, -0.7612275, -0.5431061, 0
410, 766080736, 0.33230677, 0.13107459, 0.003388624, 0.93401307, 0.7863205, -0.7408224, -0.5089121, 0
411, 766097403, 0.33275333, 0.13525705, 4.3769323E-4, 0.9332634, 0.8989551, -0.51679, -0.7222729, 0
412, 766114070, 0.33328667, 0.13997163, -0.002783759, 0.9323734, 1.0696405, -0.31957597, -0.6128149, 0
413, 766130737, 0.33359823, 0.14571983, -0.0060704527, 0.9313653, 1.2250984, -0.27817142, 0.035079956, 0
414, 766147404, 0.33393088, 0.15186594, -0.00947978, 0.93023497, 0.91650194, 0.100232765, 0.0123615265, 0
415, 766164071, 0.33384675, 0.15894267, -0.01300571, 0.92903954, 0.95919746, -0.052746486, 1.3479137, 0
416, 766180738, 0.33397064, 0.16523044, -0.016213601, 0.92784685, 1.1874661, 0.5026774, 3.619277, 0
417, 766197405, 0.33456093, 0.17037557, -0.019243121, 0.9266451, 0.19772291, 1.2343848, 5.326482, 0
418, 766214072, 0.33495274, 0.17711705, -0.022537591, 0.925164, 0.010766962, 0.77206993, 1.479435, 0
419, 766230739, 0.335732, 0.18385923, -0.026365196, 0.92346346, 0.7502125, -0.6345425, -1.2382174, 0
420, 766247406, 0.33599272, 0.1918154, -0.029009495, 0.9216694, 0.99692655, -1.3936853, -1.3362455, 0
421, 766264073, 0.33611706, 0.19986722, -0.0322612, 0.91980314, 1.208207, -0.50645393, 0.2629614, 0
422, 766280740, 0.33553, 0.20779586, -0.035169452, 0.91815245, 0.78516287, 0.2201573, 0.6915827, 0
423, 766297407, 0.3344253, 0.21599284, -0.037750103, 0.9165599, 0.408009, -0.2674095, 0.27230167, 0
424, 766314074, 0.33302242, 0.22477536, -0.040601842, 0.91483545, 0.5447595, -0.104315564, 0.34972286, 0
425, 766330741, 0.33150622, 0.23388676, -0.043294083, 0.9129766, 0.5386245, 0.39041987, 0.62098503, 0
426, 766347408, 0.3297683, 0.243557, -0.0453156, 0.9109771, 0.6238623, 0.56315696, 0.43164158, 0
427, 766364075, 0.32756448, 0.25407863, -0.046243817, 0.90884924, 0.78809285, 0.28192276, 0.16105175, 0
428, 766380742, 0.32506403, 0.26499647, -0.046320833, 0.9066227, 0.55444276, -0.005124146, 0.04413891, 0
429, 766397409, 0.3224786, 0.2762249, -0.045991912, 0.9042081, 0.07537206, 2.3558266E-4, 0.17093277, 0
430, 766414076, 0.3198102, 0.28759718, -0.04542946, 0.9016349, -0.37028056, -0.1406039, 0.36603165, 0
431, 766430743, 0.31724024, 0.2988918, -0.045331534, 0.89887017, -0.67546254, -0.3082617, 0.5376444, 0
432, 766447410, 0.3147269, 0.31013393, -0.046000607, 0.8959062, -0.892922, -0.2808287, 0.67296886, 0
433, 766464077, 0.3124796, 0.32128325, -0.04781535, 0.89266306, -0.9174471, -0.28586403, 0.7288542, 0
434, 766480744, 0.31032157, 0.33205932, -0.050515626, 0.8893173, -0.84808856, -0.09089959, 0.6819515, 0
435, 766497411, 0.30807102, 0.34274945, -0.053670757, 0.8858524, -0.6058192, 0.19918637, 0.69087315, 0
436, 766514078, 0.30573213, 0.35358393, -0.057017077, 0.8821879, -0.42231974, 0.5908898, 0.6705141, 0
437, 766530745, 0.30334625, 0.36445954, -0.060424034, 0.8783503, -0.4001675, 0.63612616, 0.48825836, 0
438, 766547412, 0.30098864, 0.37522563, -0.063816205, 0.87437934, -0.37543416, 0.43903375, 0.435853, 0
439, 766564079, 0.2985347, 0.38598433, -0.06699265, 0.87029034, -0.4277665, 0.046168838, 0.21271515, 0
440, 766580746, 0.29633933, 0.39688462, -0.07013891, 0.86587894, -0.72346437, 0.013152173, 0.054558754, 0
441, 766597413, 0.29454002, 0.40787002, -0.07315497, 0.86112535, -0.6917555, -0.103754714, 0.021566391, 0
442, 766614080, 0.29314482, 0.41883662, -0.07610321, 0.8560669, -0.5342003, -0.27108714, 0.12794018, 0
443, 766630747, 0.29190856, 0.4296888, -0.07918116, 0.8508157, -0.7988649, -0.12598543, 0.16446877, 0
444, 766647414, 0.2912903, 0.4408015, -0.08230272, 0.8450269, -0.8386747, -0.20566656, 0.17535114, 0
445, 766664081, 0.29067895, 0.4516714, -0.085494824, 0.83915997, -0.26185724, -0.10231786, 0.07620144, 0
446, 766680748, 0.29010588, 0.46255118, -0.08865606, 0.8330819, -0.41873968, -0.06832735, -0.034279823, 0
447, 766697415, 0.289431, 0.47324368, -0.09157932, 0.8269725, -0.30148134, -0.08090945, 0.014546394, 0
448, 766714082, 0.28867543, 0.48408982, -0.09460618, 0.8205933, -0.10104158, -0.01651079, -0.10744572, 0
449, 766730749, 0.28722888, 0.49534094, -0.097093314, 0.8140701, -0.13387962, 0.114696346, -0.14257622, 0
450, 766747416, 0.2853443, 0.5066722, -0.09905073, 0.80749667, -0.44897646, 0.08426684, 0.053059578, 0
451, 766764083, 0.28331372, 0.51791376, -0.10071655, 0.8008464, -0.5262243, -0.11925332, 0.12518024, 0
452, 766780750, 0.28117868, 0.5290228, -0.1025594, 0.7940749, -0.20364392, -0.5220122, 0.110072136, 0
453, 766797417, 0.27920774, 0.5395038, -0.10489302, 0.7873855, 0.38239482, -0.47658405, -0.10007858, 0
454, 766814084, 0.27678788, 0.5494367, -0.107867494, 0.7809433, 0.8237697, -0.31003538, -0.17099953, 0
455, 766830751, 0.27396694, 0.55864555, -0.11092408, 0.77495354, 1.1185614, -0.45386016, -0.26988983, 0
456, 766847418, 0.27112216, 0.5672496, -0.11388712, 0.7692531, 1.307334, -0.6552776, -0.43552113, 0
457, 766864085, 0.26823825, 0.5756427, -0.11649443, 0.76361835, 1.2467989, -0.49245524, -0.55497456, 0
458, 766880752, 0.26457265, 0.5838103, -0.11810786, 0.75843096, 0.7460675, -0.05182159, -0.5477648, 0
459, 766897419, 0.26023978, 0.5921453, -0.11888296, 0.75333, 0.35071242, -0.058911644, -0.19742584, 0
460, 766914086, 0.2553983, 0.60067576, -0.11909346, 0.7481827, -0.22747992, 0.14304069, 0.15609169, 0
461, 766930753, 0.25001946, 0.60945725, -0.11937853, 0.74283314, -0.32585722, 0.028829148, 0.56694126, 0
462, 766947420, 0.24413198, 0.61825854, -0.11979214, 0.737432, -0.62895954, 0.14512675, 0.48927307, 0
463, 766964087, 0.23873107, 0.6267381, -0.121101946, 0.73180705, -0.3495226, -0.028049199, 0.33059978, 0
464, 766980754, 0.23380552, 0.6349936, -0.12329507, 0.7258902, -0.02149798, -0.24986659, 0.22853947, 0
465, 766997421, 0.22951074, 0.6428778, -0.126112, 0.7198117, 0.3051164, -0.11320563, 0.1417656, 0
466, 767014088, 0.2256872, 0.65052325, -0.12886615, 0.7136376, 0.5009819, 0.09866935, -0.1170845, 0
467, 767030755, 0.22200704, 0.65799576, -0.13119312, 0.7074906, 0.971031, 0.36065167, -0.045873642, 0
468, 767047422, 0.2177979, 0.6652862, -0.13251108, 0.7017117, 1.1184249, 0.46411505, -0.025801659, 0
469, 767064089, 0.21267025, 0.672461, -0.13255832, 0.6964166, 0.93603176, 0.47659567, -0.12874413, 0
470, 767080756, 0.20691223, 0.6796584, -0.13169663, 0.69130874, 1.3170431, 0.03731113, -0.20490074, 0
471, 767097423, 0.20099849, 0.6864452, -0.13067432, 0.6865252, 1.2319626, -0.5962244, -0.28315258, 0
472, 767114090, 0.19554336, 0.6928085, -0.13058458, 0.68170893, 0.65667313, -0.7069409, -0.18367195, 0
473, 767130757, 0.19051798, 0.6988133, -0.13139902, 0.67682886, 0.6026238, -0.37629008, 0.22404861, 0
474, 767147424, 0.1850455, 0.7047846, -0.13206173, 0.6720095, 0.48196703, -0.0060208803, 0.20490074, 0
475, 767164091, 0.17924681, 0.71095175, -0.13184948, 0.6671087, 0.4978665, 0.27654722, 0.21817875, 0
476, 767180758, 0.17279793, 0.71740776, -0.1305818, 0.6621296, 0.43990982, 0.4698286, 0.16007996, 0
477, 767197425, 0.16607589, 0.72376674, -0.12834693, 0.657349, 0.48502427, 0.27916086, -0.036485672, 0
478, 767214092, 0.15915309, 0.7299157, -0.12571277, 0.6527557, 0.20308748, 0.1357991, -0.06104374, 0
479, 767230759, 0.15227473, 0.73577094, -0.123098545, 0.64830583, 0.16352467, 0.25786164, 0.080955505, 0
480, 767247426, 0.1449571, 0.74133986, -0.12017506, 0.64417446, 0.23973045, 0.30830896, 0.019046783, 0
481, 767264093, 0.13773505, 0.7467222, -0.11700261, 0.64011353, 0.40894207, 0.20444272, -0.07010555, 0
482, 767280760, 0.13098612, 0.7516088, -0.11385313, 0.63636816, 0.41307792, -0.029281091, -0.18288994, 0
483, 767297427, 0.1256606, 0.7556293, -0.11182723, 0.6330312, 0.44046602, -0.29797187, -0.32922268, 0
484, 767314094, 0.121424176, 0.75878656, -0.11036896, 0.6303317, 0.53401357, -0.6692848, -0.18167591, 0
485, 767330761, 0.11821764, 0.76086307, -0.10937636, 0.6286088, 0.5566441, -0.66643167, 0.18489265, 0
486, 767347428, 0.1157471, 0.76216775, -0.10880176, 0.6275868, 0.5052989, -0.4453376, 0.19122696, 0
487, 767364095, 0.11344396, 0.763083, -0.10821205, 0.62699705, 0.21043767, 0.013464476, 0.14757347, 0
488, 767380762, 0.11136906, 0.7637485, -0.107629314, 0.6266586, 0.06853378, 0.40589568, -0.11196518, 0
489, 767397429, 0.10927284, 0.7643917, -0.107024714, 0.626347, 0.14228651, 0.14756577, -0.19128513, 0
490, 767414096, 0.10711305, 0.7650157, -0.10629008, 0.6260833, 0.20100898, -0.18962884, -0.06999779, 0
491, 767430763, 0.10495209, 0.76548743, -0.105313145, 0.6260377, 0.20114341, -0.17260967, 0.031617165, 0
492, 767447430, 0.10261738, 0.7658826, -0.10425172, 0.62611926, 0.10286037, 0.05929944, 0.14219856, 0
493, 767464097, 0.099902295, 0.7662892, -0.10293626, 0.6262786, -0.027681088, 0.33976042, 0.18637943, 0
494, 767480764, 0.09728843, 0.7668061, -0.10169793, 0.6262596, 0.05420618, 0.25008592, -0.0039081573, 0
495, 767497431, 0.09495359, 0.7672645, -0.1002933, 0.62628317, 0.16953158, -0.118959405, -0.23207855, 0
496, 767514098, 0.092934035, 0.7676183, -0.09885696, 0.6263808, 0.27299544, -0.23755868, -0.33792496, 0
497, 767530765, 0.09113732, 0.7677996, -0.09760713, 0.62661856, 0.3617674, -0.20763275, -0.20260239, 0
498, 767547432, 0.08973451, 0.7676395, -0.09668733, 0.6271594, 0.45001692, -0.09744852, 0.048519135, 0
499, 767564099, 0.088563584, 0.7673419, -0.09591967, 0.62780774, 0.27707776, -0.0016921049, 0.14362812, 0
500, 767580766, 0.087270826, 0.767119, -0.0949472, 0.62840843, 0.046696626, 0.17090388, 0.17479897, 0
501, 767597433, 0.08583178, 0.7670264, -0.0937732, 0.6288959, 0.11895779, 0.06294678, -0.08256149, 0
502, 767614100, 0.08444672, 0.7670065, -0.092444696, 0.62930435, 0.27053744, -0.24303894, -0.28630352, 0
503, 767630767, 0.0832848, 0.7670237, -0.09129722, 0.6296058, 0.39254004, -0.34895194, -0.2165966, 0
504, 767647434, 0.08234701, 0.76691633, -0.09045322, 0.6299814, 0.49150968, -0.15310577, 0.028529167, 0
505, 767664101, 0.08151276, 0.76674646, -0.0898962, 0.63037646, 0.46149457, 0.025746234, 0.10570431, 0
506, 767680768, 0.0806741, 0.76662385, -0.08947689, 0.6306927, 0.45582452, -0.016183568, 0.0053014755, 0
507, 767697435, 0.0799908, 0.7664971, -0.08923335, 0.63096833, 0.53404737, -0.17940502, -0.11462879, 0
508, 767714102, 0.07954456, 0.7663624, -0.089202695, 0.6311926, 0.60924697, -0.3392396, -0.1626749, 0
